{
    "score": {
        "viability": {
            "vsBaselines": {
                "solutionAvg": 0.40208333333333346,
                "baselineAvg": 0.44166666666666665,
                "diff": -0.03958333333333319
            },
            "vsSolutions": {
                "solutionAvg": 0.5204861111111111,
                "baselineAvg": 0.8545138888888888,
                "diff": -0.3340277777777777
            },
            "vsAll": {
                "solutionAvg": 0.37943121693121684,
                "baselineAvg": 0.7247354497354498,
                "diff": -0.34530423280423295
            }
        },
        "robustness": {
            "vsBaselines": {
                "solutionAvg": -0.15625,
                "baselineAvg": 0,
                "diff": -0.15625
            },
            "vsSolutions": {
                "solutionAvg": 0,
                "baselineAvg": 0.375,
                "diff": -0.375
            },
            "vsAll": {
                "solutionAvg": -0.10416666666666666,
                "baselineAvg": 0.20833333333333331,
                "diff": -0.3125
            }
        },
        "specialization": {
            "vsBaselines": {
                "solutionAvg": 0.5583333333333333,
                "baselineAvg": 0.44166666666666665,
                "diff": 0.1166666666666667
            },
            "vsSolutions": {
                "solutionAvg": 0.5204861111111111,
                "baselineAvg": 0.47951388888888885,
                "diff": 0.04097222222222224
            },
            "vsAll": {
                "solutionAvg": 0.48359788359788364,
                "baselineAvg": 0.5164021164021163,
                "diff": -0.03280423280423267
            }
        }
    },
    "stats": {
        "solutions": {
            "vsSolutions": {
                "viability": {
                    "total": 4.163888888888889,
                    "average": 0.5204861111111111,
                    "stdDeviation": 0.631866505419694,
                    "median": 0.8611111111111112,
                    "max": 1.5611111111111111
                },
                "robustness": {
                    "total": 0,
                    "average": 0,
                    "stdDeviation": 0.3903123748998999,
                    "median": 0.25,
                    "max": 0.625
                },
                "specialization": {
                    "total": 4.163888888888889,
                    "average": 0.5204861111111111,
                    "stdDeviation": 0.247455950298155,
                    "median": 0.6111111111111112,
                    "max": 0.9361111111111111
                }
            },
            "vsBaselines": {
                "viability": {
                    "total": 3.2166666666666677,
                    "average": 0.40208333333333346,
                    "stdDeviation": 0.3893938933350993,
                    "median": 0.7333333333333334,
                    "max": 0.8
                },
                "robustness": {
                    "total": -1.25,
                    "average": -0.15625,
                    "stdDeviation": 0.17399263633843817,
                    "median": 0,
                    "max": 0
                },
                "specialization": {
                    "total": 4.466666666666667,
                    "average": 0.5583333333333333,
                    "stdDeviation": 0.22592402852876603,
                    "median": 0.7333333333333334,
                    "max": 0.8
                }
            },
            "vsAll": {
                "viability": {
                    "total": 3.0354497354497347,
                    "average": 0.37943121693121684,
                    "stdDeviation": 0.39214416423101134,
                    "median": 0.20899470899470898,
                    "max": 1.2653439153439152
                },
                "robustness": {
                    "total": -0.8333333333333333,
                    "average": -0.10416666666666666,
                    "stdDeviation": 0.22726483572157735,
                    "median": -0.16666666666666666,
                    "max": 0.41666666666666663
                },
                "specialization": {
                    "total": 3.868783068783069,
                    "average": 0.48359788359788364,
                    "stdDeviation": 0.16867273433378066,
                    "median": 0.41375661375661377,
                    "max": 0.8486772486772486
                }
            }
        },
        "baselines": {
            "vsSolutions": {
                "viability": {
                    "total": 3.418055555555555,
                    "average": 0.8545138888888888,
                    "stdDeviation": 1.0132172313902439,
                    "median": 1.7597222222222222,
                    "max": 1.7597222222222222
                },
                "robustness": {
                    "total": 1.5,
                    "average": 0.375,
                    "stdDeviation": 0.7180703308172536,
                    "median": 1,
                    "max": 1
                },
                "specialization": {
                    "total": 1.9180555555555554,
                    "average": 0.47951388888888885,
                    "stdDeviation": 0.2980750598749322,
                    "median": 0.7597222222222222,
                    "max": 0.7597222222222222
                }
            },
            "vsBaselines": {
                "viability": {
                    "total": 1.7666666666666666,
                    "average": 0.44166666666666665,
                    "stdDeviation": 0.37666297933298404,
                    "median": 0.6166666666666667,
                    "max": 0.95
                },
                "robustness": {
                    "total": 0,
                    "average": 0,
                    "stdDeviation": 0.25,
                    "median": 0.25,
                    "max": 0.25
                },
                "specialization": {
                    "total": 1.7666666666666666,
                    "average": 0.44166666666666665,
                    "stdDeviation": 0.18314384146529922,
                    "median": 0.5,
                    "max": 0.7
                }
            },
            "vsAll": {
                "viability": {
                    "total": 2.898941798941799,
                    "average": 0.7247354497354498,
                    "stdDeviation": 0.627760595153449,
                    "median": 1.1076719576719576,
                    "max": 1.4706349206349207
                },
                "robustness": {
                    "total": 0.8333333333333333,
                    "average": 0.20833333333333331,
                    "stdDeviation": 0.5187458165828638,
                    "median": 0.5833333333333333,
                    "max": 0.75
                },
                "specialization": {
                    "total": 2.0656084656084652,
                    "average": 0.5164021164021163,
                    "stdDeviation": 0.1269791665697817,
                    "median": 0.5243386243386243,
                    "max": 0.7206349206349206
                }
            }
        }
    }
}